"Product Name","Description","Brand","Category","Price","Old Price","Discount Percentage","HSN Code","GST Percent","Tax Type","Unit","Unit Value","Promotor ID","Promotor Commission Rate","Promotor Commission Type","Promotor Commission Amount","Quantity","Stock Status","Active Status","Low Stock Threshold","Min Order Quantity","Max Order Quantity","Weight","Weight Unit","SKU","Seller","Warehouse","Storage Type","Estimated Delivery Time","Delivery Charges","Free Delivery Threshold","Serviceable Pincodes","Image 1","Image 2","Image 3","Image 4","Image 5","Video"
"Aashirvaad Shudh Chakki Atta","Aashirvaad Shudh Chakki Atta is a kitchen staple for everyday Indian cooking, in the Atta & Flour range. Pack size: 5kg.","Aashirvaad","Atta, Rice & Dal","","","0","","","inclusive","kg","5","","","","","","out-of-stock","Active","10","1","10","5","kg","","","","","","","","","","","","","",""
"Aashirvaad Multigrain Atta","Aashirvaad Multigrain Atta is a kitchen staple for everyday Indian cooking, in the Atta & Flour range. Pack size: 5kg.","Aashirvaad","Atta, Rice & Dal","","","0","","","inclusive","kg","5","","","","","","out-of-stock","Active","10","1","10","5","kg","","","","","","","","","","","","","",""
"Aashirvaad Select Sharbati Atta","Aashirvaad Select Sharbati Atta is a kitchen staple for everyday Indian cooking, in the Atta & Flour range. Pack size: 5kg.","Aashirvaad","Atta, Rice & Dal","","","0","","","inclusive","kg","5","","","","","","out-of-stock","Active","10","1","10","5","kg","","","","","","","","","","","","","",""
"Pillsbury Chakki Fresh Atta","Pillsbury Chakki Fresh Atta is a kitchen staple for everyday Indian cooking, in the Atta & Flour range. Pack size: 5kg.","Pillsbury","Atta, Rice & Dal","","","0","","","inclusive","kg","5","","","","","","out-of-stock","Active","10","1","10","5","kg","","","","","","","","","","","","","",""
"Patanjali Whole Wheat Atta","Patanjali Whole Wheat Atta is a kitchen staple for everyday Indian cooking, in the Atta & Flour range. Pack size: 5kg.","Patanjali","Atta, Rice & Dal","","","0","","","inclusive","kg","5","","","","","","out-of-stock","Active","10","1","10","5","kg","","","","","","","","","","","","","",""
"Fortune Chakki Fresh Atta","Fortune Chakki Fresh Atta is a kitchen staple for everyday Indian cooking, in the Atta & Flour range. Pack size: 5kg.","Fortune","Atta, Rice & Dal","","","0","","","inclusive","kg","5","","","","","","out-of-stock","Active","10","1","10","5","kg","","","","","","","","","","","","","",""
"Annapurna Whole Wheat Atta","Annapurna Whole Wheat Atta is a kitchen staple for everyday Indian cooking, in the Atta & Flour range. Pack size: 5kg.","Annapurna","Atta, Rice & Dal","","","0","","","inclusive","kg","5","","","","","","out-of-stock","Active","10","1","10","5","kg","","","","","","","","","","","","","",""
"India Gate Basmati Rice Classic","India Gate Basmati Rice Classic is a kitchen staple for everyday Indian cooking, in the Rice range. Pack size: 5kg.","India Gate","Atta, Rice & Dal","","","0","","","inclusive","kg","5","","","","","","out-of-stock","Active","10","1","10","5","kg","","","","","","","","","","","","","",""
"India Gate Basmati Rice Dubar","India Gate Basmati Rice Dubar is a kitchen staple for everyday Indian cooking, in the Rice range. Pack size: 1kg.","India Gate","Atta, Rice & Dal","","","0","","","inclusive","kg","1","","","","","","out-of-stock","Active","10","1","10","1","kg","","","","","","","","","","","","","",""
"Daawat Rozana Basmati Rice","Daawat Rozana Basmati Rice is a kitchen staple for everyday Indian cooking, in the Rice range. Pack size: 5kg.","Daawat","Atta, Rice & Dal","","","0","","","inclusive","kg","5","","","","","","out-of-stock","Active","10","1","10","5","kg","","","","","","","","","","","","","",""
"Daawat Rozana Gold Basmati Rice","Daawat Rozana Gold Basmati Rice is a kitchen staple for everyday Indian cooking, in the Rice range. Pack size: 5kg.","Daawat","Atta, Rice & Dal","","","0","","","inclusive","kg","5","","","","","","out-of-stock","Active","10","1","10","5","kg","","","","","","","","","","","","","",""
"Kohinoor Charminar Basmati Rice","Kohinoor Charminar Basmati Rice is a kitchen staple for everyday Indian cooking, in the Rice range. Pack size: 1kg.","Kohinoor","Atta, Rice & Dal","","","0","","","inclusive","kg","1","","","","","","out-of-stock","Active","10","1","10","1","kg","","","","","","","","","","","","","",""
"Fortune Everyday Basmati Rice","Fortune Everyday Basmati Rice is a kitchen staple for everyday Indian cooking, in the Rice range. Pack size: 1kg.","Fortune","Atta, Rice & Dal","","","0","","","inclusive","kg","1","","","","","","out-of-stock","Active","10","1","10","1","kg","","","","","","","","","","","","","",""
"Patanjali Sonamasoori Rice","Patanjali Sonamasoori Rice is a kitchen staple for everyday Indian cooking, in the Rice range. Pack size: 5kg.","Patanjali","Atta, Rice & Dal","","","0","","","inclusive","kg","5","","","","","","out-of-stock","Active","10","1","10","5","kg","","","","","","","","","","","","","",""
"India Gate Mogra Rice","India Gate Mogra Rice is a kitchen staple for everyday Indian cooking, in the Rice range. Pack size: 5kg.","India Gate","Atta, Rice & Dal","","","0","","","inclusive","kg","5","","","","","","out-of-stock","Active","10","1","10","5","kg","","","","","","","","","","","","","",""
"Tata Sampann Toor Dal","Tata Sampann Toor Dal is a kitchen staple for everyday Indian cooking, in the Dal & Pulses range. Pack size: 1kg.","Tata Sampann","Atta, Rice & Dal","","","0","","","inclusive","kg","1","","","","","","out-of-stock","Active","10","1","10","1","kg","","","","","","","","","","","","","",""
"Tata Sampann Chana Dal","Tata Sampann Chana Dal is a kitchen staple for everyday Indian cooking, in the Dal & Pulses range. Pack size: 1kg.","Tata Sampann","Atta, Rice & Dal","","","0","","","inclusive","kg","1","","","","","","out-of-stock","Active","10","1","10","1","kg","","","","","","","","","","","","","",""
"Tata Sampann Moong Dal","Tata Sampann Moong Dal is a kitchen staple for everyday Indian cooking, in the Dal & Pulses range. Pack size: 1kg.","Tata Sampann","Atta, Rice & Dal","","","0","","","inclusive","kg","1","","","","","","out-of-stock","Active","10","1","10","1","kg","","","","","","","","","","","","","",""
"Tata Sampann Masoor Dal","Tata Sampann Masoor Dal is a kitchen staple for everyday Indian cooking, in the Dal & Pulses range. Pack size: 1kg.","Tata Sampann","Atta, Rice & Dal","","","0","","","inclusive","kg","1","","","","","","out-of-stock","Active","10","1","10","1","kg","","","","","","","","","","","","","",""
"Tata Sampann Urad Dal Gota","Tata Sampann Urad Dal Gota is a kitchen staple for everyday Indian cooking, in the Dal & Pulses range. Pack size: 1kg.","Tata Sampann","Atta, Rice & Dal","","","0","","","inclusive","kg","1","","","","","","out-of-stock","Active","10","1","10","1","kg","","","","","","","","","","","","","",""
"Tata Sampann Rajma","Tata Sampann Rajma is a kitchen staple for everyday Indian cooking, in the Dal & Pulses range. Pack size: 1kg.","Tata Sampann","Atta, Rice & Dal","","","0","","","inclusive","kg","1","","","","","","out-of-stock","Active","10","1","10","1","kg","","","","","","","","","","","","","",""
"Tata Sampann Kabuli Chana","Tata Sampann Kabuli Chana is a kitchen staple for everyday Indian cooking, in the Dal & Pulses range. Pack size: 1kg.","Tata Sampann","Atta, Rice & Dal","","","0","","","inclusive","kg","1","","","","","","out-of-stock","Active","10","1","10","1","kg","","","","","","","","","","","","","",""
"Organic Tattva Toor Dal","Organic Tattva Toor Dal is a kitchen staple for everyday Indian cooking, in the Dal & Pulses range. Pack size: 1kg.","Organic Tattva","Atta, Rice & Dal","","","0","","","inclusive","kg","1","","","","","","out-of-stock","Active","10","1","10","1","kg","","","","","","","","","","","","","",""
"Tata Sampann Besan","Tata Sampann Besan is a kitchen staple for everyday Indian cooking, in the Flour & Sooji range. Pack size: 1kg.","Tata Sampann","Atta, Rice & Dal","","","0","","","inclusive","kg","1","","","","","","out-of-stock","Active","10","1","10","1","kg","","","","","","","","","","","","","",""
"MTR Rava Sooji","MTR Rava Sooji is a kitchen staple for everyday Indian cooking, in the Flour & Sooji range. Pack size: 1kg.","MTR","Atta, Rice & Dal","","","0","","","inclusive","kg","1","","","","","","out-of-stock","Active","10","1","10","1","kg","","","","","","","","","","","","","",""
"Tata Sampann Poha","Tata Sampann Poha is a kitchen staple for everyday Indian cooking, in the Flour & Sooji range. Pack size: 500g.","Tata Sampann","Atta, Rice & Dal","","","0","","","inclusive","g","500","","","","","","out-of-stock","Active","10","1","10","500","g","","","","","","","","","","","","","",""
"Patanjali Besan","Patanjali Besan is a kitchen staple for everyday Indian cooking, in the Flour & Sooji range. Pack size: 1kg.","Patanjali","Atta, Rice & Dal","","","0","","","inclusive","kg","1","","","","","","out-of-stock","Active","10","1","10","1","kg","","","","","","","","","","","","","",""
"Fortune Sunlite Refined Sunflower Oil","Fortune Sunlite Refined Sunflower Oil is a kitchen essential for daily cooking and tempering, in the Cooking Oil range. Pack size: 1l.","Fortune","Edible Oils & Ghee","","","0","","","inclusive","l","1","","","","","","out-of-stock","Active","10","1","10","1","l","","","","","","","","","","","","","",""
"Saffola Gold Edible Oil","Saffola Gold Edible Oil is a kitchen essential for daily cooking and tempering, in the Cooking Oil range. Pack size: 1l.","Saffola","Edible Oils & Ghee","","","0","","","inclusive","l","1","","","","","","out-of-stock","Active","10","1","10","1","l","","","","","","","","","","","","","",""
"Fortune Soyabean Oil","Fortune Soyabean Oil is a kitchen essential for daily cooking and tempering, in the Cooking Oil range. Pack size: 1l.","Fortune","Edible Oils & Ghee","","","0","","","inclusive","l","1","","","","","","out-of-stock","Active","10","1","10","1","l","","","","","","","","","","","","","",""
"Dhara Mustard Oil","Dhara Mustard Oil is a kitchen essential for daily cooking and tempering, in the Cooking Oil range. Pack size: 1l.","Dhara","Edible Oils & Ghee","","","0","","","inclusive","l","1","","","","","","out-of-stock","Active","10","1","10","1","l","","","","","","","","","","","","","",""
"Fortune Kachi Ghani Mustard Oil","Fortune Kachi Ghani Mustard Oil is a kitchen essential for daily cooking and tempering, in the Cooking Oil range. Pack size: 1l.","Fortune","Edible Oils & Ghee","","","0","","","inclusive","l","1","","","","","","out-of-stock","Active","10","1","10","1","l","","","","","","","","","","","","","",""
"Patanjali Mustard Oil","Patanjali Mustard Oil is a kitchen essential for daily cooking and tempering, in the Cooking Oil range. Pack size: 1l.","Patanjali","Edible Oils & Ghee","","","0","","","inclusive","l","1","","","","","","out-of-stock","Active","10","1","10","1","l","","","","","","","","","","","","","",""
"Gemini Groundnut Oil","Gemini Groundnut Oil is a kitchen essential for daily cooking and tempering, in the Cooking Oil range. Pack size: 1l.","Gemini","Edible Oils & Ghee","","","0","","","inclusive","l","1","","","","","","out-of-stock","Active","10","1","10","1","l","","","","","","","","","","","","","",""
"Saffola Tasty Refined Oil","Saffola Tasty Refined Oil is a kitchen essential for daily cooking and tempering, in the Cooking Oil range. Pack size: 1l.","Saffola","Edible Oils & Ghee","","","0","","","inclusive","l","1","","","","","","out-of-stock","Active","10","1","10","1","l","","","","","","","","","","","","","",""
"Sundrop Superlite Advanced Oil","Sundrop Superlite Advanced Oil is a kitchen essential for daily cooking and tempering, in the Cooking Oil range. Pack size: 1l.","Sundrop","Edible Oils & Ghee","","","0","","","inclusive","l","1","","","","","","out-of-stock","Active","10","1","10","1","l","","","","","","","","","","","","","",""
"Parachute Coconut Oil","Parachute Coconut Oil is a kitchen essential for daily cooking and tempering, in the Cooking Oil range. Pack size: 500ml.","Parachute","Edible Oils & Ghee","","","0","","","inclusive","ml","500","","","","","","out-of-stock","Active","10","1","10","500","ml","","","","","","","","","","","","","",""
"Idhayam Gingelly Sesame Oil","Idhayam Gingelly Sesame Oil is a kitchen essential for daily cooking and tempering, in the Cooking Oil range. Pack size: 500ml.","Idhayam","Edible Oils & Ghee","","","0","","","inclusive","ml","500","","","","","","out-of-stock","Active","10","1","10","500","ml","","","","","","","","","","","","","",""
"Figaro Olive Oil","Figaro Olive Oil is a kitchen essential for daily cooking and tempering, in the Cooking Oil range. Pack size: 500ml.","Figaro","Edible Oils & Ghee","","","0","","","inclusive","ml","500","","","","","","out-of-stock","Active","10","1","10","500","ml","","","","","","","","","","","","","",""
"Borges Extra Virgin Olive Oil","Borges Extra Virgin Olive Oil is a kitchen essential for daily cooking and tempering, in the Cooking Oil range. Pack size: 500ml.","Borges","Edible Oils & Ghee","","","0","","","inclusive","ml","500","","","","","","out-of-stock","Active","10","1","10","500","ml","","","","","","","","","","","","","",""
"Fortune Rice Bran Health Oil","Fortune Rice Bran Health Oil is a kitchen essential for daily cooking and tempering, in the Cooking Oil range. Pack size: 1l.","Fortune","Edible Oils & Ghee","","","0","","","inclusive","l","1","","","","","","out-of-stock","Active","10","1","10","1","l","","","","","","","","","","","","","",""
"Amul Cow Ghee","Amul Cow Ghee is a kitchen essential for daily cooking and tempering, in the Ghee range. Pack size: 1l.","Amul","Edible Oils & Ghee","","","0","","","inclusive","l","1","","","","","","out-of-stock","Active","10","1","10","1","l","","","","","","","","","","","","","",""
"Patanjali Cow Ghee","Patanjali Cow Ghee is a kitchen essential for daily cooking and tempering, in the Ghee range. Pack size: 1l.","Patanjali","Edible Oils & Ghee","","","0","","","inclusive","l","1","","","","","","out-of-stock","Active","10","1","10","1","l","","","","","","","","","","","","","",""
"Mother Dairy Pure Ghee","Mother Dairy Pure Ghee is a kitchen essential for daily cooking and tempering, in the Ghee range. Pack size: 1l.","Mother Dairy","Edible Oils & Ghee","","","0","","","inclusive","l","1","","","","","","out-of-stock","Active","10","1","10","1","l","","","","","","","","","","","","","",""
"Aashirvaad Svasti Ghee","Aashirvaad Svasti Ghee is a kitchen essential for daily cooking and tempering, in the Ghee range. Pack size: 1l.","Aashirvaad","Edible Oils & Ghee","","","0","","","inclusive","l","1","","","","","","out-of-stock","Active","10","1","10","1","l","","","","","","","","","","","","","",""
"Dabur Pure Cow Ghee","Dabur Pure Cow Ghee is a kitchen essential for daily cooking and tempering, in the Ghee range. Pack size: 1l.","Dabur","Edible Oils & Ghee","","","0","","","inclusive","l","1","","","","","","out-of-stock","Active","10","1","10","1","l","","","","","","","","","","","","","",""
"Nandini Pure Ghee","Nandini Pure Ghee is a kitchen essential for daily cooking and tempering, in the Ghee range. Pack size: 500ml.","Nandini","Edible Oils & Ghee","","","0","","","inclusive","ml","500","","","","","","out-of-stock","Active","10","1","10","500","ml","","","","","","","","","","","","","",""
"MDH Deggi Mirch","MDH Deggi Mirch is a flavour essential for authentic Indian dishes, in the Spice Powder range. Pack size: 100g.","MDH","Masalas & Spices","","","0","","","inclusive","g","100","","","","","","out-of-stock","Active","10","1","10","100","g","","","","","","","","","","","","","",""
"MDH Chana Masala","MDH Chana Masala is a flavour essential for authentic Indian dishes, in the Blended Masala range. Pack size: 100g.","MDH","Masalas & Spices","","","0","","","inclusive","g","100","","","","","","out-of-stock","Active","10","1","10","100","g","","","","","","","","","","","","","",""
"MDH Pav Bhaji Masala","MDH Pav Bhaji Masala is a flavour essential for authentic Indian dishes, in the Blended Masala range. Pack size: 100g.","MDH","Masalas & Spices","","","0","","","inclusive","g","100","","","","","","out-of-stock","Active","10","1","10","100","g","","","","","","","","","","","","","",""
"MDH Kitchen King Masala","MDH Kitchen King Masala is a flavour essential for authentic Indian dishes, in the Blended Masala range. Pack size: 100g.","MDH","Masalas & Spices","","","0","","","inclusive","g","100","","","","","","out-of-stock","Active","10","1","10","100","g","","","","","","","","","","","","","",""
"MDH Meat Masala","MDH Meat Masala is a flavour essential for authentic Indian dishes, in the Blended Masala range. Pack size: 100g.","MDH","Masalas & Spices","","","0","","","inclusive","g","100","","","","","","out-of-stock","Active","10","1","10","100","g","","","","","","","","","","","","","",""
"MDH Rajma Masala","MDH Rajma Masala is a flavour essential for authentic Indian dishes, in the Blended Masala range. Pack size: 100g.","MDH","Masalas & Spices","","","0","","","inclusive","g","100","","","","","","out-of-stock","Active","10","1","10","100","g","","","","","","","","","","","","","",""
"Everest Garam Masala","Everest Garam Masala is a flavour essential for authentic Indian dishes, in the Blended Masala range. Pack size: 100g.","Everest","Masalas & Spices","","","0","","","inclusive","g","100","","","","","","out-of-stock","Active","10","1","10","100","g","","","","","","","","","","","","","",""
"Everest Kitchen King Masala","Everest Kitchen King Masala is a flavour essential for authentic Indian dishes, in the Blended Masala range. Pack size: 100g.","Everest","Masalas & Spices","","","0","","","inclusive","g","100","","","","","","out-of-stock","Active","10","1","10","100","g","","","","","","","","","","","","","",""
"Everest Sabzi Masala","Everest Sabzi Masala is a flavour essential for authentic Indian dishes, in the Blended Masala range. Pack size: 100g.","Everest","Masalas & Spices","","","0","","","inclusive","g","100","","","","","","out-of-stock","Active","10","1","10","100","g","","","","","","","","","","","","","",""
"Everest Chicken Masala","Everest Chicken Masala is a flavour essential for authentic Indian dishes, in the Blended Masala range. Pack size: 100g.","Everest","Masalas & Spices","","","0","","","inclusive","g","100","","","","","","out-of-stock","Active","10","1","10","100","g","","","","","","","","","","","","","",""
"Everest Pav Bhaji Masala","Everest Pav Bhaji Masala is a flavour essential for authentic Indian dishes, in the Blended Masala range. Pack size: 100g.","Everest","Masalas & Spices","","","0","","","inclusive","g","100","","","","","","out-of-stock","Active","10","1","10","100","g","","","","","","","","","","","","","",""
"Everest Tea Masala","Everest Tea Masala is a flavour essential for authentic Indian dishes, in the Blended Masala range. Pack size: 50g.","Everest","Masalas & Spices","","","0","","","inclusive","g","50","","","","","","out-of-stock","Active","10","1","10","50","g","","","","","","","","","","","","","",""
"Catch Turmeric Powder","Catch Turmeric Powder is a flavour essential for authentic Indian dishes, in the Spice Powder range. Pack size: 200g.","Catch","Masalas & Spices","","","0","","","inclusive","g","200","","","","","","out-of-stock","Active","10","1","10","200","g","","","","","","","","","","","","","",""
"Catch Red Chilli Powder","Catch Red Chilli Powder is a flavour essential for authentic Indian dishes, in the Spice Powder range. Pack size: 200g.","Catch","Masalas & Spices","","","0","","","inclusive","g","200","","","","","","out-of-stock","Active","10","1","10","200","g","","","","","","","","","","","","","",""
"Catch Coriander Powder","Catch Coriander Powder is a flavour essential for authentic Indian dishes, in the Spice Powder range. Pack size: 200g.","Catch","Masalas & Spices","","","0","","","inclusive","g","200","","","","","","out-of-stock","Active","10","1","10","200","g","","","","","","","","","","","","","",""
"Catch Cumin Jeera Powder","Catch Cumin Jeera Powder is a flavour essential for authentic Indian dishes, in the Spice Powder range. Pack size: 100g.","Catch","Masalas & Spices","","","0","","","inclusive","g","100","","","","","","out-of-stock","Active","10","1","10","100","g","","","","","","","","","","","","","",""
"Catch Black Pepper Powder","Catch Black Pepper Powder is a flavour essential for authentic Indian dishes, in the Spice Powder range. Pack size: 100g.","Catch","Masalas & Spices","","","0","","","inclusive","g","100","","","","","","out-of-stock","Active","10","1","10","100","g","","","","","","","","","","","","","",""
"Catch Whole Cumin Seeds","Catch Whole Cumin Seeds is a flavour essential for authentic Indian dishes, in the Whole Spice range. Pack size: 200g.","Catch","Masalas & Spices","","","0","","","inclusive","g","200","","","","","","out-of-stock","Active","10","1","10","200","g","","","","","","","","","","","","","",""
"Catch Hing Asafoetida","Catch Hing Asafoetida is a flavour essential for authentic Indian dishes, in the Whole Spice range. Pack size: 25g.","Catch","Masalas & Spices","","","0","","","inclusive","g","25","","","","","","out-of-stock","Active","10","1","10","25","g","","","","","","","","","","","","","",""
"Badshah Biryani Masala","Badshah Biryani Masala is a flavour essential for authentic Indian dishes, in the Blended Masala range. Pack size: 100g.","Badshah","Masalas & Spices","","","0","","","inclusive","g","100","","","","","","out-of-stock","Active","10","1","10","100","g","","","","","","","","","","","","","",""
"Suhana Biryani Masala","Suhana Biryani Masala is a flavour essential for authentic Indian dishes, in the Blended Masala range. Pack size: 100g.","Suhana","Masalas & Spices","","","0","","","inclusive","g","100","","","","","","out-of-stock","Active","10","1","10","100","g","","","","","","","","","","","","","",""
"Eastern Garam Masala","Eastern Garam Masala is a flavour essential for authentic Indian dishes, in the Blended Masala range. Pack size: 100g.","Eastern","Masalas & Spices","","","0","","","inclusive","g","100","","","","","","out-of-stock","Active","10","1","10","100","g","","","","","","","","","","","","","",""
"National Garam Masala","National Garam Masala is a flavour essential for authentic Indian dishes, in the Blended Masala range. Pack size: 100g.","National","Masalas & Spices","","","0","","","inclusive","g","100","","","","","","out-of-stock","Active","10","1","10","100","g","","","","","","","","","","","","","",""
"Tata Salt","Tata Salt is a flavour essential for authentic Indian dishes, in the Salt range. Pack size: 1kg.","Tata","Masalas & Spices","","","0","","","inclusive","kg","1","","","","","","out-of-stock","Active","10","1","10","1","kg","","","","","","","","","","","","","",""
"Tata Salt Lite","Tata Salt Lite is a flavour essential for authentic Indian dishes, in the Salt range. Pack size: 1kg.","Tata","Masalas & Spices","","","0","","","inclusive","kg","1","","","","","","out-of-stock","Active","10","1","10","1","kg","","","","","","","","","","","","","",""
"Aashirvaad Iodised Salt","Aashirvaad Iodised Salt is a flavour essential for authentic Indian dishes, in the Salt range. Pack size: 1kg.","Aashirvaad","Masalas & Spices","","","0","","","inclusive","kg","1","","","","","","out-of-stock","Active","10","1","10","1","kg","","","","","","","","","","","","","",""
"Amul Gold Full Cream Milk","Amul Gold Full Cream Milk is a fresh dairy & bakery essential for daily use, in the Milk range. Pack size: 1l.","Amul","Dairy, Bread & Eggs","","","0","","","inclusive","l","1","","","","","","out-of-stock","Active","10","1","10","1","l","","","","","","","","","","","","","",""
"Amul Taaza Toned Milk","Amul Taaza Toned Milk is a fresh dairy & bakery essential for daily use, in the Milk range. Pack size: 1l.","Amul","Dairy, Bread & Eggs","","","0","","","inclusive","l","1","","","","","","out-of-stock","Active","10","1","10","1","l","","","","","","","","","","","","","",""
"Mother Dairy Full Cream Milk","Mother Dairy Full Cream Milk is a fresh dairy & bakery essential for daily use, in the Milk range. Pack size: 1l.","Mother Dairy","Dairy, Bread & Eggs","","","0","","","inclusive","l","1","","","","","","out-of-stock","Active","10","1","10","1","l","","","","","","","","","","","","","",""
"Nestle a+ Toned Milk","Nestle a+ Toned Milk is a fresh dairy & bakery essential for daily use, in the Milk range. Pack size: 1l.","Nestle","Dairy, Bread & Eggs","","","0","","","inclusive","l","1","","","","","","out-of-stock","Active","10","1","10","1","l","","","","","","","","","","","","","",""
"Amul Masti Curd","Amul Masti Curd is a fresh dairy & bakery essential for daily use, in the Curd range. Pack size: 400g.","Amul","Dairy, Bread & Eggs","","","0","","","inclusive","g","400","","","","","","out-of-stock","Active","10","1","10","400","g","","","","","","","","","","","","","",""
"Mother Dairy Curd","Mother Dairy Curd is a fresh dairy & bakery essential for daily use, in the Curd range. Pack size: 400g.","Mother Dairy","Dairy, Bread & Eggs","","","0","","","inclusive","g","400","","","","","","out-of-stock","Active","10","1","10","400","g","","","","","","","","","","","","","",""
"Epigamia Greek Yogurt","Epigamia Greek Yogurt is a fresh dairy & bakery essential for daily use, in the Curd range. Pack size: 90g.","Epigamia","Dairy, Bread & Eggs","","","0","","","inclusive","g","90","","","","","","out-of-stock","Active","10","1","10","90","g","","","","","","","","","","","","","",""
"Amul Butter","Amul Butter is a fresh dairy & bakery essential for daily use, in the Butter range. Pack size: 500g.","Amul","Dairy, Bread & Eggs","","","0","","","inclusive","g","500","","","","","","out-of-stock","Active","10","1","10","500","g","","","","","","","","","","","","","",""
"Amul Lite Butter","Amul Lite Butter is a fresh dairy & bakery essential for daily use, in the Butter range. Pack size: 100g.","Amul","Dairy, Bread & Eggs","","","0","","","inclusive","g","100","","","","","","out-of-stock","Active","10","1","10","100","g","","","","","","","","","","","","","",""
"Britannia Cheese Slices","Britannia Cheese Slices is a fresh dairy & bakery essential for daily use, in the Cheese range. Pack size: 200g.","Britannia","Dairy, Bread & Eggs","","","0","","","inclusive","g","200","","","","","","out-of-stock","Active","10","1","10","200","g","","","","","","","","","","","","","",""
"Amul Cheese Block","Amul Cheese Block is a fresh dairy & bakery essential for daily use, in the Cheese range. Pack size: 200g.","Amul","Dairy, Bread & Eggs","","","0","","","inclusive","g","200","","","","","","out-of-stock","Active","10","1","10","200","g","","","","","","","","","","","","","",""
"Go Cheese Slices","Go Cheese Slices is a fresh dairy & bakery essential for daily use, in the Cheese range. Pack size: 200g.","Go","Dairy, Bread & Eggs","","","0","","","inclusive","g","200","","","","","","out-of-stock","Active","10","1","10","200","g","","","","","","","","","","","","","",""
"Amul Paneer","Amul Paneer is a fresh dairy & bakery essential for daily use, in the Paneer range. Pack size: 200g.","Amul","Dairy, Bread & Eggs","","","0","","","inclusive","g","200","","","","","","out-of-stock","Active","10","1","10","200","g","","","","","","","","","","","","","",""
"Mother Dairy Paneer","Mother Dairy Paneer is a fresh dairy & bakery essential for daily use, in the Paneer range. Pack size: 200g.","Mother Dairy","Dairy, Bread & Eggs","","","0","","","inclusive","g","200","","","","","","out-of-stock","Active","10","1","10","200","g","","","","","","","","","","","","","",""
"Nestle Milkmaid Condensed Milk","Nestle Milkmaid Condensed Milk is a fresh dairy & bakery essential for daily use, in the Milk range. Pack size: 400g.","Nestle","Dairy, Bread & Eggs","","","0","","","inclusive","g","400","","","","","","out-of-stock","Active","10","1","10","400","g","","","","","","","","","","","","","",""
"Amul Fresh Cream","Amul Fresh Cream is a fresh dairy & bakery essential for daily use, in the Cream range. Pack size: 200ml.","Amul","Dairy, Bread & Eggs","","","0","","","inclusive","ml","200","","","","","","out-of-stock","Active","10","1","10","200","ml","","","","","","","","","","","","","",""
"Britannia White Bread","Britannia White Bread is a fresh dairy & bakery essential for daily use, in the Bread range. Pack size: 400g.","Britannia","Dairy, Bread & Eggs","","","0","","","inclusive","g","400","","","","","","out-of-stock","Active","10","1","10","400","g","","","","","","","","","","","","","",""
"Britannia 100% Whole Wheat Bread","Britannia 100% Whole Wheat Bread is a fresh dairy & bakery essential for daily use, in the Bread range. Pack size: 400g.","Britannia","Dairy, Bread & Eggs","","","0","","","inclusive","g","400","","","","","","out-of-stock","Active","10","1","10","400","g","","","","","","","","","","","","","",""
"Britannia Brown Bread","Britannia Brown Bread is a fresh dairy & bakery essential for daily use, in the Bread range. Pack size: 400g.","Britannia","Dairy, Bread & Eggs","","","0","","","inclusive","g","400","","","","","","out-of-stock","Active","10","1","10","400","g","","","","","","","","","","","","","",""
"Modern White Bread","Modern White Bread is a fresh dairy & bakery essential for daily use, in the Bread range. Pack size: 400g.","Modern","Dairy, Bread & Eggs","","","0","","","inclusive","g","400","","","","","","out-of-stock","Active","10","1","10","400","g","","","","","","","","","","","","","",""
"Modern Pav Buns","Modern Pav Buns is a fresh dairy & bakery essential for daily use, in the Bread range. Pack size: 6piece.","Modern","Dairy, Bread & Eggs","","","0","","","inclusive","piece","6","","","","","","out-of-stock","Active","10","1","10","6","piece","","","","","","","","","","","","","",""
"Farm Fresh White Eggs","Farm Fresh White Eggs is a fresh dairy & bakery essential for daily use, in the Eggs range. Pack size: 6piece.","Farm Fresh","Dairy, Bread & Eggs","","","0","","","inclusive","piece","6","","","","","","out-of-stock","Active","10","1","10","6","piece","","","","","","","","","","","","","",""
"Farm Fresh Brown Eggs","Farm Fresh Brown Eggs is a fresh dairy & bakery essential for daily use, in the Eggs range. Pack size: 6piece.","Farm Fresh","Dairy, Bread & Eggs","","","0","","","inclusive","piece","6","","","","","","out-of-stock","Active","10","1","10","6","piece","","","","","","","","","","","","","",""
"Farm Fresh White Eggs Tray","Farm Fresh White Eggs Tray is a fresh dairy & bakery essential for daily use, in the Eggs range. Pack size: 12piece.","Farm Fresh","Dairy, Bread & Eggs","","","0","","","inclusive","piece","12","","","","","","out-of-stock","Active","10","1","10","12","piece","","","","","","","","","","","","","",""
"Amul Buttermilk Chaas","Amul Buttermilk Chaas is a fresh dairy & bakery essential for daily use, in the Buttermilk range. Pack size: 200ml.","Amul","Dairy, Bread & Eggs","","","0","","","inclusive","ml","200","","","","","","out-of-stock","Active","10","1","10","200","ml","","","","","","","","","","","","","",""
"Amul Lassi","Amul Lassi is a fresh dairy & bakery essential for daily use, in the Lassi range. Pack size: 200ml.","Amul","Dairy, Bread & Eggs","","","0","","","inclusive","ml","200","","","","","","out-of-stock","Active","10","1","10","200","ml","","","","","","","","","","","","","",""
"Britannia Cheese Spread","Britannia Cheese Spread is a fresh dairy & bakery essential for daily use, in the Cheese range. Pack size: 180g.","Britannia","Dairy, Bread & Eggs","","","0","","","inclusive","g","180","","","","","","out-of-stock","Active","10","1","10","180","g","","","","","","","","","","","","","",""
"Fresh Banana","Fresh Banana is a fresh pick for healthy daily meals, in the Fruits range. Pack size: 1kg.","Fresh","Fruits & Vegetables","","","0","","","inclusive","kg","1","","","","","","out-of-stock","Active","10","1","10","1","kg","","","","","","","","","","","","","",""
"Fresh Apple Shimla","Fresh Apple Shimla is a fresh pick for healthy daily meals, in the Fruits range. Pack size: 1kg.","Fresh","Fruits & Vegetables","","","0","","","inclusive","kg","1","","","","","","out-of-stock","Active","10","1","10","1","kg","","","","","","","","","","","","","",""
"Fresh Mango Alphonso","Fresh Mango Alphonso is a fresh pick for healthy daily meals, in the Fruits range. Pack size: 1kg.","Fresh","Fruits & Vegetables","","","0","","","inclusive","kg","1","","","","","","out-of-stock","Active","10","1","10","1","kg","","","","","","","","","","","","","",""
"Fresh Papaya","Fresh Papaya is a fresh pick for healthy daily meals, in the Fruits range. Pack size: 1piece.","Fresh","Fruits & Vegetables","","","0","","","inclusive","piece","1","","","","","","out-of-stock","Active","10","1","10","1","piece","","","","","","","","","","","","","",""
"Fresh Pomegranate","Fresh Pomegranate is a fresh pick for healthy daily meals, in the Fruits range. Pack size: 1kg.","Fresh","Fruits & Vegetables","","","0","","","inclusive","kg","1","","","","","","out-of-stock","Active","10","1","10","1","kg","","","","","","","","","","","","","",""
"Fresh Watermelon","Fresh Watermelon is a fresh pick for healthy daily meals, in the Fruits range. Pack size: 1piece.","Fresh","Fruits & Vegetables","","","0","","","inclusive","piece","1","","","","","","out-of-stock","Active","10","1","10","1","piece","","","","","","","","","","","","","",""
"Fresh Orange","Fresh Orange is a fresh pick for healthy daily meals, in the Fruits range. Pack size: 1kg.","Fresh","Fruits & Vegetables","","","0","","","inclusive","kg","1","","","","","","out-of-stock","Active","10","1","10","1","kg","","","","","","","","","","","","","",""
"Fresh Grapes Green","Fresh Grapes Green is a fresh pick for healthy daily meals, in the Fruits range. Pack size: 500g.","Fresh","Fruits & Vegetables","","","0","","","inclusive","g","500","","","","","","out-of-stock","Active","10","1","10","500","g","","","","","","","","","","","","","",""
"Fresh Guava","Fresh Guava is a fresh pick for healthy daily meals, in the Fruits range. Pack size: 1kg.","Fresh","Fruits & Vegetables","","","0","","","inclusive","kg","1","","","","","","out-of-stock","Active","10","1","10","1","kg","","","","","","","","","","","","","",""
"Fresh Pineapple","Fresh Pineapple is a fresh pick for healthy daily meals, in the Fruits range. Pack size: 1piece.","Fresh","Fruits & Vegetables","","","0","","","inclusive","piece","1","","","","","","out-of-stock","Active","10","1","10","1","piece","","","","","","","","","","","","","",""
"Fresh Onion","Fresh Onion is a fresh pick for healthy daily meals, in the Vegetables range. Pack size: 1kg.","Fresh","Fruits & Vegetables","","","0","","","inclusive","kg","1","","","","","","out-of-stock","Active","10","1","10","1","kg","","","","","","","","","","","","","",""
"Fresh Potato","Fresh Potato is a fresh pick for healthy daily meals, in the Vegetables range. Pack size: 1kg.","Fresh","Fruits & Vegetables","","","0","","","inclusive","kg","1","","","","","","out-of-stock","Active","10","1","10","1","kg","","","","","","","","","","","","","",""
"Fresh Tomato","Fresh Tomato is a fresh pick for healthy daily meals, in the Vegetables range. Pack size: 1kg.","Fresh","Fruits & Vegetables","","","0","","","inclusive","kg","1","","","","","","out-of-stock","Active","10","1","10","1","kg","","","","","","","","","","","","","",""
"Fresh Green Capsicum","Fresh Green Capsicum is a fresh pick for healthy daily meals, in the Vegetables range. Pack size: 500g.","Fresh","Fruits & Vegetables","","","0","","","inclusive","g","500","","","","","","out-of-stock","Active","10","1","10","500","g","","","","","","","","","","","","","",""
"Fresh Cucumber","Fresh Cucumber is a fresh pick for healthy daily meals, in the Vegetables range. Pack size: 500g.","Fresh","Fruits & Vegetables","","","0","","","inclusive","g","500","","","","","","out-of-stock","Active","10","1","10","500","g","","","","","","","","","","","","","",""
"Fresh Carrot","Fresh Carrot is a fresh pick for healthy daily meals, in the Vegetables range. Pack size: 500g.","Fresh","Fruits & Vegetables","","","0","","","inclusive","g","500","","","","","","out-of-stock","Active","10","1","10","500","g","","","","","","","","","","","","","",""
"Fresh Cauliflower","Fresh Cauliflower is a fresh pick for healthy daily meals, in the Vegetables range. Pack size: 1piece.","Fresh","Fruits & Vegetables","","","0","","","inclusive","piece","1","","","","","","out-of-stock","Active","10","1","10","1","piece","","","","","","","","","","","","","",""
"Fresh Cabbage","Fresh Cabbage is a fresh pick for healthy daily meals, in the Vegetables range. Pack size: 1piece.","Fresh","Fruits & Vegetables","","","0","","","inclusive","piece","1","","","","","","out-of-stock","Active","10","1","10","1","piece","","","","","","","","","","","","","",""
"Fresh Spinach Palak","Fresh Spinach Palak is a fresh pick for healthy daily meals, in the Vegetables range. Pack size: 250g.","Fresh","Fruits & Vegetables","","","0","","","inclusive","g","250","","","","","","out-of-stock","Active","10","1","10","250","g","","","","","","","","","","","","","",""
"Fresh Coriander Leaves","Fresh Coriander Leaves is a fresh pick for healthy daily meals, in the Vegetables range. Pack size: 100g.","Fresh","Fruits & Vegetables","","","0","","","inclusive","g","100","","","","","","out-of-stock","Active","10","1","10","100","g","","","","","","","","","","","","","",""
"Fresh Green Chilli","Fresh Green Chilli is a fresh pick for healthy daily meals, in the Vegetables range. Pack size: 100g.","Fresh","Fruits & Vegetables","","","0","","","inclusive","g","100","","","","","","out-of-stock","Active","10","1","10","100","g","","","","","","","","","","","","","",""
"Fresh Ginger","Fresh Ginger is a fresh pick for healthy daily meals, in the Vegetables range. Pack size: 200g.","Fresh","Fruits & Vegetables","","","0","","","inclusive","g","200","","","","","","out-of-stock","Active","10","1","10","200","g","","","","","","","","","","","","","",""
"Fresh Garlic","Fresh Garlic is a fresh pick for healthy daily meals, in the Vegetables range. Pack size: 200g.","Fresh","Fruits & Vegetables","","","0","","","inclusive","g","200","","","","","","out-of-stock","Active","10","1","10","200","g","","","","","","","","","","","","","",""
"Fresh Lemon","Fresh Lemon is a fresh pick for healthy daily meals, in the Vegetables range. Pack size: 250g.","Fresh","Fruits & Vegetables","","","0","","","inclusive","g","250","","","","","","out-of-stock","Active","10","1","10","250","g","","","","","","","","","","","","","",""
"Fresh Brinjal","Fresh Brinjal is a fresh pick for healthy daily meals, in the Vegetables range. Pack size: 500g.","Fresh","Fruits & Vegetables","","","0","","","inclusive","g","500","","","","","","out-of-stock","Active","10","1","10","500","g","","","","","","","","","","","","","",""
"Fresh Bottle Gourd Lauki","Fresh Bottle Gourd Lauki is a fresh pick for healthy daily meals, in the Vegetables range. Pack size: 500g.","Fresh","Fruits & Vegetables","","","0","","","inclusive","g","500","","","","","","out-of-stock","Active","10","1","10","500","g","","","","","","","","","","","","","",""
"Fresh Okra Bhindi","Fresh Okra Bhindi is a fresh pick for healthy daily meals, in the Vegetables range. Pack size: 500g.","Fresh","Fruits & Vegetables","","","0","","","inclusive","g","500","","","","","","out-of-stock","Active","10","1","10","500","g","","","","","","","","","","","","","",""
"Fresh Green Peas","Fresh Green Peas is a fresh pick for healthy daily meals, in the Vegetables range. Pack size: 500g.","Fresh","Fruits & Vegetables","","","0","","","inclusive","g","500","","","","","","out-of-stock","Active","10","1","10","500","g","","","","","","","","","","","","","",""
"Fresh Beetroot","Fresh Beetroot is a fresh pick for healthy daily meals, in the Vegetables range. Pack size: 500g.","Fresh","Fruits & Vegetables","","","0","","","inclusive","g","500","","","","","","out-of-stock","Active","10","1","10","500","g","","","","","","","","","","","","","",""
"Fresh Sweet Corn","Fresh Sweet Corn is a fresh pick for healthy daily meals, in the Vegetables range. Pack size: 500g.","Fresh","Fruits & Vegetables","","","0","","","inclusive","g","500","","","","","","out-of-stock","Active","10","1","10","500","g","","","","","","","","","","","","","",""
"Britannia Good Day Butter Cookies","Britannia Good Day Butter Cookies is a popular tea-time snack, in the Cookies range. Pack size: 200g.","Britannia","Bakery, Biscuits & Cookies","","","0","","","inclusive","g","200","","","","","","out-of-stock","Active","10","1","10","200","g","","","","","","","","","","","","","",""
"Parle-G Original Glucose Biscuits","Parle-G Original Glucose Biscuits is a popular tea-time snack, in the Glucose Biscuits range. Pack size: 200g.","Parle","Bakery, Biscuits & Cookies","","","0","","","inclusive","g","200","","","","","","out-of-stock","Active","10","1","10","200","g","","","","","","","","","","","","","",""
"Britannia Marie Gold","Britannia Marie Gold is a popular tea-time snack, in the Marie Biscuits range. Pack size: 200g.","Britannia","Bakery, Biscuits & Cookies","","","0","","","inclusive","g","200","","","","","","out-of-stock","Active","10","1","10","200","g","","","","","","","","","","","","","",""
"Sunfeast Dark Fantasy Choco Fills","Sunfeast Dark Fantasy Choco Fills is a popular tea-time snack, in the Cream Biscuits range. Pack size: 100g.","Sunfeast","Bakery, Biscuits & Cookies","","","0","","","inclusive","g","100","","","","","","out-of-stock","Active","10","1","10","100","g","","","","","","","","","","","","","",""
"Britannia Bourbon","Britannia Bourbon is a popular tea-time snack, in the Cream Biscuits range. Pack size: 150g.","Britannia","Bakery, Biscuits & Cookies","","","0","","","inclusive","g","150","","","","","","out-of-stock","Active","10","1","10","150","g","","","","","","","","","","","","","",""
"Oreo Original Chocolate Biscuits","Oreo Original Chocolate Biscuits is a popular tea-time snack, in the Cream Biscuits range. Pack size: 120g.","Oreo","Bakery, Biscuits & Cookies","","","0","","","inclusive","g","120","","","","","","out-of-stock","Active","10","1","10","120","g","","","","","","","","","","","","","",""
"Hide & Seek Chocolate Chip Cookies","Hide & Seek Chocolate Chip Cookies is a popular tea-time snack, in the Cookies range. Pack size: 200g.","Parle","Bakery, Biscuits & Cookies","","","0","","","inclusive","g","200","","","","","","out-of-stock","Active","10","1","10","200","g","","","","","","","","","","","","","",""
"McVities Digestive Biscuits","McVities Digestive Biscuits is a popular tea-time snack, in the Digestive Biscuits range. Pack size: 250g.","McVities","Bakery, Biscuits & Cookies","","","0","","","inclusive","g","250","","","","","","out-of-stock","Active","10","1","10","250","g","","","","","","","","","","","","","",""
"Parle Monaco Salted Crackers","Parle Monaco Salted Crackers is a popular tea-time snack, in the Crackers range. Pack size: 200g.","Parle","Bakery, Biscuits & Cookies","","","0","","","inclusive","g","200","","","","","","out-of-stock","Active","10","1","10","200","g","","","","","","","","","","","","","",""
"Britannia 50-50 Maska Chaska","Britannia 50-50 Maska Chaska is a popular tea-time snack, in the Crackers range. Pack size: 150g.","Britannia","Bakery, Biscuits & Cookies","","","0","","","inclusive","g","150","","","","","","out-of-stock","Active","10","1","10","150","g","","","","","","","","","","","","","",""
"Sunfeast Mom's Magic Cashew Almond","Sunfeast Mom's Magic Cashew Almond is a popular tea-time snack, in the Cookies range. Pack size: 200g.","Sunfeast","Bakery, Biscuits & Cookies","","","0","","","inclusive","g","200","","","","","","out-of-stock","Active","10","1","10","200","g","","","","","","","","","","","","","",""
"Patanjali Doodh Biscuits","Patanjali Doodh Biscuits is a popular tea-time snack, in the Glucose Biscuits range. Pack size: 200g.","Patanjali","Bakery, Biscuits & Cookies","","","0","","","inclusive","g","200","","","","","","out-of-stock","Active","10","1","10","200","g","","","","","","","","","","","","","",""
"Britannia Nutrichoice Digestive","Britannia Nutrichoice Digestive is a popular tea-time snack, in the Digestive Biscuits range. Pack size: 200g.","Britannia","Bakery, Biscuits & Cookies","","","0","","","inclusive","g","200","","","","","","out-of-stock","Active","10","1","10","200","g","","","","","","","","","","","","","",""
"Parle Hide & Seek Fab","Parle Hide & Seek Fab is a popular tea-time snack, in the Cream Biscuits range. Pack size: 100g.","Parle","Bakery, Biscuits & Cookies","","","0","","","inclusive","g","100","","","","","","out-of-stock","Active","10","1","10","100","g","","","","","","","","","","","","","",""
"Unibic Choco Chip Cookies","Unibic Choco Chip Cookies is a popular tea-time snack, in the Cookies range. Pack size: 150g.","Unibic","Bakery, Biscuits & Cookies","","","0","","","inclusive","g","150","","","","","","out-of-stock","Active","10","1","10","150","g","","","","","","","","","","","","","",""
"Britannia Cake Rusk","Britannia Cake Rusk is a popular tea-time snack, in the Rusk range. Pack size: 200g.","Britannia","Bakery, Biscuits & Cookies","","","0","","","inclusive","g","200","","","","","","out-of-stock","Active","10","1","10","200","g","","","","","","","","","","","","","",""
"English Oven Bread Loaf","English Oven Bread Loaf is a popular tea-time snack, in the Bread range. Pack size: 400g.","English Oven","Bakery, Biscuits & Cookies","","","0","","","inclusive","g","400","","","","","","out-of-stock","Active","10","1","10","400","g","","","","","","","","","","","","","",""
"Karachi Bakery Fruit Biscuits","Karachi Bakery Fruit Biscuits is a popular tea-time snack, in the Cookies range. Pack size: 400g.","Karachi Bakery","Bakery, Biscuits & Cookies","","","0","","","inclusive","g","400","","","","","","out-of-stock","Active","10","1","10","400","g","","","","","","","","","","","","","",""
"Britannia Treat Jim Jam","Britannia Treat Jim Jam is a popular tea-time snack, in the Cream Biscuits range. Pack size: 150g.","Britannia","Bakery, Biscuits & Cookies","","","0","","","inclusive","g","150","","","","","","out-of-stock","Active","10","1","10","150","g","","","","","","","","","","","","","",""
"Sunfeast Marie Light","Sunfeast Marie Light is a popular tea-time snack, in the Marie Biscuits range. Pack size: 200g.","Sunfeast","Bakery, Biscuits & Cookies","","","0","","","inclusive","g","200","","","","","","out-of-stock","Active","10","1","10","200","g","","","","","","","","","","","","","",""
"Kellogg's Corn Flakes Original","Kellogg's Corn Flakes Original is a quick breakfast and meal-time essential, in the Cereal range. Pack size: 475g.","Kellogg's","Breakfast, Sauces & Spreads","","","0","","","inclusive","g","475","","","","","","out-of-stock","Active","10","1","10","475","g","","","","","","","","","","","","","",""
"Kellogg's Chocos","Kellogg's Chocos is a quick breakfast and meal-time essential, in the Cereal range. Pack size: 700g.","Kellogg's","Breakfast, Sauces & Spreads","","","0","","","inclusive","g","700","","","","","","out-of-stock","Active","10","1","10","700","g","","","","","","","","","","","","","",""
"Quaker Oats","Quaker Oats is a quick breakfast and meal-time essential, in the Cereal range. Pack size: 1kg.","Quaker","Breakfast, Sauces & Spreads","","","0","","","inclusive","kg","1","","","","","","out-of-stock","Active","10","1","10","1","kg","","","","","","","","","","","","","",""
"Saffola Oats Masala","Saffola Oats Masala is a quick breakfast and meal-time essential, in the Cereal range. Pack size: 400g.","Saffola","Breakfast, Sauces & Spreads","","","0","","","inclusive","g","400","","","","","","out-of-stock","Active","10","1","10","400","g","","","","","","","","","","","","","",""
"Bagrry's Crunchy Muesli","Bagrry's Crunchy Muesli is a quick breakfast and meal-time essential, in the Cereal range. Pack size: 400g.","Bagrry's","Breakfast, Sauces & Spreads","","","0","","","inclusive","g","400","","","","","","out-of-stock","Active","10","1","10","400","g","","","","","","","","","","","","","",""
"Kissan Mixed Fruit Jam","Kissan Mixed Fruit Jam is a quick breakfast and meal-time essential, in the Jam range. Pack size: 500g.","Kissan","Breakfast, Sauces & Spreads","","","0","","","inclusive","g","500","","","","","","out-of-stock","Active","10","1","10","500","g","","","","","","","","","","","","","",""
"Kissan Tomato Ketchup","Kissan Tomato Ketchup is a quick breakfast and meal-time essential, in the Ketchup range. Pack size: 1kg.","Kissan","Breakfast, Sauces & Spreads","","","0","","","inclusive","kg","1","","","","","","out-of-stock","Active","10","1","10","1","kg","","","","","","","","","","","","","",""
"Maggi Tomato Ketchup","Maggi Tomato Ketchup is a quick breakfast and meal-time essential, in the Ketchup range. Pack size: 1kg.","Maggi","Breakfast, Sauces & Spreads","","","0","","","inclusive","kg","1","","","","","","out-of-stock","Active","10","1","10","1","kg","","","","","","","","","","","","","",""
"Heinz Tomato Ketchup","Heinz Tomato Ketchup is a quick breakfast and meal-time essential, in the Ketchup range. Pack size: 900g.","Heinz","Breakfast, Sauces & Spreads","","","0","","","inclusive","g","900","","","","","","out-of-stock","Active","10","1","10","900","g","","","","","","","","","","","","","",""
"Funfoods Veg Mayonnaise","Funfoods Veg Mayonnaise is a quick breakfast and meal-time essential, in the Spread range. Pack size: 875g.","Funfoods","Breakfast, Sauces & Spreads","","","0","","","inclusive","g","875","","","","","","out-of-stock","Active","10","1","10","875","g","","","","","","","","","","","","","",""
"Nutella Hazelnut Spread","Nutella Hazelnut Spread is a quick breakfast and meal-time essential, in the Spread range. Pack size: 350g.","Nutella","Breakfast, Sauces & Spreads","","","0","","","inclusive","g","350","","","","","","out-of-stock","Active","10","1","10","350","g","","","","","","","","","","","","","",""
"Dabur Honey","Dabur Honey is a quick breakfast and meal-time essential, in the Spread range. Pack size: 500g.","Dabur","Breakfast, Sauces & Spreads","","","0","","","inclusive","g","500","","","","","","out-of-stock","Active","10","1","10","500","g","","","","","","","","","","","","","",""
"Patanjali Honey","Patanjali Honey is a quick breakfast and meal-time essential, in the Spread range. Pack size: 500g.","Patanjali","Breakfast, Sauces & Spreads","","","0","","","inclusive","g","500","","","","","","out-of-stock","Active","10","1","10","500","g","","","","","","","","","","","","","",""
"Pintola Crunchy Peanut Butter","Pintola Crunchy Peanut Butter is a quick breakfast and meal-time essential, in the Spread range. Pack size: 1kg.","Pintola","Breakfast, Sauces & Spreads","","","0","","","inclusive","kg","1","","","","","","out-of-stock","Active","10","1","10","1","kg","","","","","","","","","","","","","",""
"Weikfield Custard Powder","Weikfield Custard Powder is a quick breakfast and meal-time essential, in the Dessert Mix range. Pack size: 100g.","Weikfield","Breakfast, Sauces & Spreads","","","0","","","inclusive","g","100","","","","","","out-of-stock","Active","10","1","10","100","g","","","","","","","","","","","","","",""
"Kissan Fresh Tomato Puree","Kissan Fresh Tomato Puree is a quick breakfast and meal-time essential, in the Sauce range. Pack size: 200g.","Kissan","Breakfast, Sauces & Spreads","","","0","","","inclusive","g","200","","","","","","out-of-stock","Active","10","1","10","200","g","","","","","","","","","","","","","",""
"Maggi Hot & Sweet Sauce","Maggi Hot & Sweet Sauce is a quick breakfast and meal-time essential, in the Sauce range. Pack size: 1kg.","Maggi","Breakfast, Sauces & Spreads","","","0","","","inclusive","kg","1","","","","","","out-of-stock","Active","10","1","10","1","kg","","","","","","","","","","","","","",""
"Ching's Schezwan Chutney","Ching's Schezwan Chutney is a quick breakfast and meal-time essential, in the Sauce range. Pack size: 250g.","Ching's","Breakfast, Sauces & Spreads","","","0","","","inclusive","g","250","","","","","","out-of-stock","Active","10","1","10","250","g","","","","","","","","","","","","","",""
"Maggi 2-Minute Masala Noodles","Maggi 2-Minute Masala Noodles is a quick and convenient meal option, in the Instant Noodles range. Pack size: 70g.","Maggi","Noodles, Pasta & Ready-to-Cook","","","0","","","inclusive","g","70","","","","","","out-of-stock","Active","10","1","10","70","g","","","","","","","","","","","","","",""
"Maggi 2-Minute Masala Noodles Family Pack","Maggi 2-Minute Masala Noodles Family Pack is a quick and convenient meal option, in the Instant Noodles range. Pack size: 420g.","Maggi","Noodles, Pasta & Ready-to-Cook","","","0","","","inclusive","g","420","","","","","","out-of-stock","Active","10","1","10","420","g","","","","","","","","","","","","","",""
"Top Ramen Masala Noodles","Top Ramen Masala Noodles is a quick and convenient meal option, in the Instant Noodles range. Pack size: 70g.","Top Ramen","Noodles, Pasta & Ready-to-Cook","","","0","","","inclusive","g","70","","","","","","out-of-stock","Active","10","1","10","70","g","","","","","","","","","","","","","",""
"Knorr Soupy Noodles","Knorr Soupy Noodles is a quick and convenient meal option, in the Instant Noodles range. Pack size: 60g.","Knorr","Noodles, Pasta & Ready-to-Cook","","","0","","","inclusive","g","60","","","","","","out-of-stock","Active","10","1","10","60","g","","","","","","","","","","","","","",""
"Yippee Magic Masala Noodles","Yippee Magic Masala Noodles is a quick and convenient meal option, in the Instant Noodles range. Pack size: 70g.","Yippee","Noodles, Pasta & Ready-to-Cook","","","0","","","inclusive","g","70","","","","","","out-of-stock","Active","10","1","10","70","g","","","","","","","","","","","","","",""
"Maggi Cuppa Mania Masala","Maggi Cuppa Mania Masala is a quick and convenient meal option, in the Instant Noodles range. Pack size: 70g.","Maggi","Noodles, Pasta & Ready-to-Cook","","","0","","","inclusive","g","70","","","","","","out-of-stock","Active","10","1","10","70","g","","","","","","","","","","","","","",""
"Sunfeast Pasta Treat Masala","Sunfeast Pasta Treat Masala is a quick and convenient meal option, in the Instant Pasta range. Pack size: 70g.","Sunfeast","Noodles, Pasta & Ready-to-Cook","","","0","","","inclusive","g","70","","","","","","out-of-stock","Active","10","1","10","70","g","","","","","","","","","","","","","",""
"Maggi Atta Noodles","Maggi Atta Noodles is a quick and convenient meal option, in the Instant Noodles range. Pack size: 72g.","Maggi","Noodles, Pasta & Ready-to-Cook","","","0","","","inclusive","g","72","","","","","","out-of-stock","Active","10","1","10","72","g","","","","","","","","","","","","","",""
"Knorr Chinese Bhuna Masala Noodles","Knorr Chinese Bhuna Masala Noodles is a quick and convenient meal option, in the Instant Noodles range. Pack size: 60g.","Knorr","Noodles, Pasta & Ready-to-Cook","","","0","","","inclusive","g","60","","","","","","out-of-stock","Active","10","1","10","60","g","","","","","","","","","","","","","",""
"Bambino Vermicelli Semiya","Bambino Vermicelli Semiya is a quick and convenient meal option, in the Vermicelli range. Pack size: 900g.","Bambino","Noodles, Pasta & Ready-to-Cook","","","0","","","inclusive","g","900","","","","","","out-of-stock","Active","10","1","10","900","g","","","","","","","","","","","","","",""
"MTR Roasted Vermicelli","MTR Roasted Vermicelli is a quick and convenient meal option, in the Vermicelli range. Pack size: 900g.","MTR","Noodles, Pasta & Ready-to-Cook","","","0","","","inclusive","g","900","","","","","","out-of-stock","Active","10","1","10","900","g","","","","","","","","","","","","","",""
"Borges Penne Pasta","Borges Penne Pasta is a quick and convenient meal option, in the Pasta range. Pack size: 500g.","Borges","Noodles, Pasta & Ready-to-Cook","","","0","","","inclusive","g","500","","","","","","out-of-stock","Active","10","1","10","500","g","","","","","","","","","","","","","",""
"Del Monte Macaroni Pasta","Del Monte Macaroni Pasta is a quick and convenient meal option, in the Pasta range. Pack size: 500g.","Del Monte","Noodles, Pasta & Ready-to-Cook","","","0","","","inclusive","g","500","","","","","","out-of-stock","Active","10","1","10","500","g","","","","","","","","","","","","","",""
"MTR Ready to Eat Poha","MTR Ready to Eat Poha is a quick and convenient meal option, in the Ready to Eat range. Pack size: 180g.","MTR","Noodles, Pasta & Ready-to-Cook","","","0","","","inclusive","g","180","","","","","","out-of-stock","Active","10","1","10","180","g","","","","","","","","","","","","","",""
"Haldiram's Ready to Eat Rajma","Haldiram's Ready to Eat Rajma is a quick and convenient meal option, in the Ready to Eat range. Pack size: 285g.","Haldiram's","Noodles, Pasta & Ready-to-Cook","","","0","","","inclusive","g","285","","","","","","out-of-stock","Active","10","1","10","285","g","","","","","","","","","","","","","",""
"MTR Ready to Eat Dal Makhani","MTR Ready to Eat Dal Makhani is a quick and convenient meal option, in the Ready to Eat range. Pack size: 300g.","MTR","Noodles, Pasta & Ready-to-Cook","","","0","","","inclusive","g","300","","","","","","out-of-stock","Active","10","1","10","300","g","","","","","","","","","","","","","",""
"Gits Ready to Eat Gulab Jamun","Gits Ready to Eat Gulab Jamun is a quick and convenient meal option, in the Ready to Eat range. Pack size: 200g.","Gits","Noodles, Pasta & Ready-to-Cook","","","0","","","inclusive","g","200","","","","","","out-of-stock","Active","10","1","10","200","g","","","","","","","","","","","","","",""
"Kohinoor Ready to Eat Biryani","Kohinoor Ready to Eat Biryani is a quick and convenient meal option, in the Ready to Eat range. Pack size: 250g.","Kohinoor","Noodles, Pasta & Ready-to-Cook","","","0","","","inclusive","g","250","","","","","","out-of-stock","Active","10","1","10","250","g","","","","","","","","","","","","","",""
"MTR Rava Idli Mix","MTR Rava Idli Mix is a quick and convenient meal option, in the Ready to Cook range. Pack size: 500g.","MTR","Noodles, Pasta & Ready-to-Cook","","","0","","","inclusive","g","500","","","","","","out-of-stock","Active","10","1","10","500","g","","","","","","","","","","","","","",""
"Gits Dhokla Mix","Gits Dhokla Mix is a quick and convenient meal option, in the Ready to Cook range. Pack size: 200g.","Gits","Noodles, Pasta & Ready-to-Cook","","","0","","","inclusive","g","200","","","","","","out-of-stock","Active","10","1","10","200","g","","","","","","","","","","","","","",""
"Lay's Classic Salted Potato Chips","Lay's Classic Salted Potato Chips is a popular snack for munching anytime, in the Chips range. Pack size: 52g.","Lay's","Snacks & Namkeen","","","0","","","inclusive","g","52","","","","","","out-of-stock","Active","10","1","10","52","g","","","","","","","","","","","","","",""
"Lay's India's Magic Masala","Lay's India's Magic Masala is a popular snack for munching anytime, in the Chips range. Pack size: 52g.","Lay's","Snacks & Namkeen","","","0","","","inclusive","g","52","","","","","","out-of-stock","Active","10","1","10","52","g","","","","","","","","","","","","","",""
"Lay's India's Magic Masala Family Pack","Lay's India's Magic Masala Family Pack is a popular snack for munching anytime, in the Chips range. Pack size: 182g.","Lay's","Snacks & Namkeen","","","0","","","inclusive","g","182","","","","","","out-of-stock","Active","10","1","10","182","g","","","","","","","","","","","","","",""
"Bingo Mad Angles Tomato","Bingo Mad Angles Tomato is a popular snack for munching anytime, in the Chips range. Pack size: 72g.","Bingo","Snacks & Namkeen","","","0","","","inclusive","g","72","","","","","","out-of-stock","Active","10","1","10","72","g","","","","","","","","","","","","","",""
"Kurkure Masala Munch","Kurkure Masala Munch is a popular snack for munching anytime, in the Namkeen range. Pack size: 90g.","Kurkure","Snacks & Namkeen","","","0","","","inclusive","g","90","","","","","","out-of-stock","Active","10","1","10","90","g","","","","","","","","","","","","","",""
"Kurkure Masala Munch Family Pack","Kurkure Masala Munch Family Pack is a popular snack for munching anytime, in the Namkeen range. Pack size: 198g.","Kurkure","Snacks & Namkeen","","","0","","","inclusive","g","198","","","","","","out-of-stock","Active","10","1","10","198","g","","","","","","","","","","","","","",""
"Haldiram's Aloo Bhujia","Haldiram's Aloo Bhujia is a popular snack for munching anytime, in the Namkeen range. Pack size: 200g.","Haldiram's","Snacks & Namkeen","","","0","","","inclusive","g","200","","","","","","out-of-stock","Active","10","1","10","200","g","","","","","","","","","","","","","",""
"Haldiram's Moong Dal","Haldiram's Moong Dal is a popular snack for munching anytime, in the Namkeen range. Pack size: 200g.","Haldiram's","Snacks & Namkeen","","","0","","","inclusive","g","200","","","","","","out-of-stock","Active","10","1","10","200","g","","","","","","","","","","","","","",""
"Haldiram's Bhel Puri","Haldiram's Bhel Puri is a popular snack for munching anytime, in the Namkeen range. Pack size: 150g.","Haldiram's","Snacks & Namkeen","","","0","","","inclusive","g","150","","","","","","out-of-stock","Active","10","1","10","150","g","","","","","","","","","","","","","",""
"Haldiram's Navratan Mix","Haldiram's Navratan Mix is a popular snack for munching anytime, in the Namkeen range. Pack size: 200g.","Haldiram's","Snacks & Namkeen","","","0","","","inclusive","g","200","","","","","","out-of-stock","Active","10","1","10","200","g","","","","","","","","","","","","","",""
"Haldiram's Khatta Meetha","Haldiram's Khatta Meetha is a popular snack for munching anytime, in the Namkeen range. Pack size: 200g.","Haldiram's","Snacks & Namkeen","","","0","","","inclusive","g","200","","","","","","out-of-stock","Active","10","1","10","200","g","","","","","","","","","","","","","",""
"Haldiram's Soan Papdi","Haldiram's Soan Papdi is a popular snack for munching anytime, in the Sweets Snack range. Pack size: 250g.","Haldiram's","Snacks & Namkeen","","","0","","","inclusive","g","250","","","","","","out-of-stock","Active","10","1","10","250","g","","","","","","","","","","","","","",""
"Bikaji Bikaneri Bhujia","Bikaji Bikaneri Bhujia is a popular snack for munching anytime, in the Namkeen range. Pack size: 200g.","Bikaji","Snacks & Namkeen","","","0","","","inclusive","g","200","","","","","","out-of-stock","Active","10","1","10","200","g","","","","","","","","","","","","","",""
"Balaji Wafers Chatkazz","Balaji Wafers Chatkazz is a popular snack for munching anytime, in the Chips range. Pack size: 150g.","Balaji","Snacks & Namkeen","","","0","","","inclusive","g","150","","","","","","out-of-stock","Active","10","1","10","150","g","","","","","","","","","","","","","",""
"Uncle Chipps Spicy Treat","Uncle Chipps Spicy Treat is a popular snack for munching anytime, in the Chips range. Pack size: 55g.","Uncle Chipps","Snacks & Namkeen","","","0","","","inclusive","g","55","","","","","","out-of-stock","Active","10","1","10","55","g","","","","","","","","","","","","","",""
"Act II Butter Popcorn","Act II Butter Popcorn is a popular snack for munching anytime, in the Popcorn range. Pack size: 95g.","Act II","Snacks & Namkeen","","","0","","","inclusive","g","95","","","","","","out-of-stock","Active","10","1","10","95","g","","","","","","","","","","","","","",""
"Too Yumm Multigrain Chips","Too Yumm Multigrain Chips is a popular snack for munching anytime, in the Chips range. Pack size: 78g.","Too Yumm","Snacks & Namkeen","","","0","","","inclusive","g","78","","","","","","out-of-stock","Active","10","1","10","78","g","","","","","","","","","","","","","",""
"Bingo Tedhe Medhe Masala Pasta","Bingo Tedhe Medhe Masala Pasta is a popular snack for munching anytime, in the Namkeen range. Pack size: 80g.","Bingo","Snacks & Namkeen","","","0","","","inclusive","g","80","","","","","","out-of-stock","Active","10","1","10","80","g","","","","","","","","","","","","","",""
"DFM Methi Khakhra","DFM Methi Khakhra is a popular snack for munching anytime, in the Namkeen range. Pack size: 200g.","DFM","Snacks & Namkeen","","","0","","","inclusive","g","200","","","","","","out-of-stock","Active","10","1","10","200","g","","","","","","","","","","","","","",""
"Haldiram's Punjabi Tadka","Haldiram's Punjabi Tadka is a popular snack for munching anytime, in the Namkeen range. Pack size: 200g.","Haldiram's","Snacks & Namkeen","","","0","","","inclusive","g","200","","","","","","out-of-stock","Active","10","1","10","200","g","","","","","","","","","","","","","",""
"Cadbury Dairy Milk Chocolate","Cadbury Dairy Milk Chocolate is a sweet treat loved by all ages, in the Chocolate range. Pack size: 55g.","Cadbury","Chocolates & Sweets","","","0","","","inclusive","g","55","","","","","","out-of-stock","Active","10","1","10","55","g","","","","","","","","","","","","","",""
"Cadbury Dairy Milk Silk","Cadbury Dairy Milk Silk is a sweet treat loved by all ages, in the Chocolate range. Pack size: 60g.","Cadbury","Chocolates & Sweets","","","0","","","inclusive","g","60","","","","","","out-of-stock","Active","10","1","10","60","g","","","","","","","","","","","","","",""
"Nestle KitKat","Nestle KitKat is a sweet treat loved by all ages, in the Chocolate range. Pack size: 36.4g.","Nestle","Chocolates & Sweets","","","0","","","inclusive","g","36.4","","","","","","out-of-stock","Active","10","1","10","36.4","g","","","","","","","","","","","","","",""
"Nestle Munch","Nestle Munch is a sweet treat loved by all ages, in the Chocolate range. Pack size: 18g.","Nestle","Chocolates & Sweets","","","0","","","inclusive","g","18","","","","","","out-of-stock","Active","10","1","10","18","g","","","","","","","","","","","","","",""
"Cadbury 5 Star","Cadbury 5 Star is a sweet treat loved by all ages, in the Chocolate range. Pack size: 41.7g.","Cadbury","Chocolates & Sweets","","","0","","","inclusive","g","41.7","","","","","","out-of-stock","Active","10","1","10","41.7","g","","","","","","","","","","","","","",""
"Cadbury Perk","Cadbury Perk is a sweet treat loved by all ages, in the Chocolate range. Pack size: 37g.","Cadbury","Chocolates & Sweets","","","0","","","inclusive","g","37","","","","","","out-of-stock","Active","10","1","10","37","g","","","","","","","","","","","","","",""
"Amul Dark Chocolate","Amul Dark Chocolate is a sweet treat loved by all ages, in the Chocolate range. Pack size: 40g.","Amul","Chocolates & Sweets","","","0","","","inclusive","g","40","","","","","","out-of-stock","Active","10","1","10","40","g","","","","","","","","","","","","","",""
"Ferrero Rocher 4 Pieces","Ferrero Rocher 4 Pieces is a sweet treat loved by all ages, in the Chocolate range. Pack size: 50g.","Ferrero Rocher","Chocolates & Sweets","","","0","","","inclusive","g","50","","","","","","out-of-stock","Active","10","1","10","50","g","","","","","","","","","","","","","",""
"Cadbury Gems","Cadbury Gems is a sweet treat loved by all ages, in the Chocolate range. Pack size: 19.5g.","Cadbury","Chocolates & Sweets","","","0","","","inclusive","g","19.5","","","","","","out-of-stock","Active","10","1","10","19.5","g","","","","","","","","","","","","","",""
"Cadbury Bournville Rich Cocoa","Cadbury Bournville Rich Cocoa is a sweet treat loved by all ages, in the Chocolate range. Pack size: 80g.","Cadbury","Chocolates & Sweets","","","0","","","inclusive","g","80","","","","","","out-of-stock","Active","10","1","10","80","g","","","","","","","","","","","","","",""
"Snickers Chocolate Bar","Snickers Chocolate Bar is a sweet treat loved by all ages, in the Chocolate range. Pack size: 50g.","Snickers","Chocolates & Sweets","","","0","","","inclusive","g","50","","","","","","out-of-stock","Active","10","1","10","50","g","","","","","","","","","","","","","",""
"Nestle Milkybar","Nestle Milkybar is a sweet treat loved by all ages, in the Chocolate range. Pack size: 24g.","Nestle","Chocolates & Sweets","","","0","","","inclusive","g","24","","","","","","out-of-stock","Active","10","1","10","24","g","","","","","","","","","","","","","",""
"Parle Mango Bite","Parle Mango Bite is a sweet treat loved by all ages, in the Candy range. Pack size: 100g.","Parle","Chocolates & Sweets","","","0","","","inclusive","g","100","","","","","","out-of-stock","Active","10","1","10","100","g","","","","","","","","","","","","","",""
"Alpenliebe Candy Pouch","Alpenliebe Candy Pouch is a sweet treat loved by all ages, in the Candy range. Pack size: 100g.","Alpenliebe","Chocolates & Sweets","","","0","","","inclusive","g","100","","","","","","out-of-stock","Active","10","1","10","100","g","","","","","","","","","","","","","",""
"Bikano Soan Papdi","Bikano Soan Papdi is a sweet treat loved by all ages, in the Sweets range. Pack size: 250g.","Bikano","Chocolates & Sweets","","","0","","","inclusive","g","250","","","","","","out-of-stock","Active","10","1","10","250","g","","","","","","","","","","","","","",""
"Haldiram's Kaju Katli","Haldiram's Kaju Katli is a sweet treat loved by all ages, in the Sweets range. Pack size: 250g.","Haldiram's","Chocolates & Sweets","","","0","","","inclusive","g","250","","","","","","out-of-stock","Active","10","1","10","250","g","","","","","","","","","","","","","",""
"Haldiram's Gulab Jamun Tin","Haldiram's Gulab Jamun Tin is a sweet treat loved by all ages, in the Sweets range. Pack size: 1kg.","Haldiram's","Chocolates & Sweets","","","0","","","inclusive","kg","1","","","","","","out-of-stock","Active","10","1","10","1","kg","","","","","","","","","","","","","",""
"Bikano Besan Laddu","Bikano Besan Laddu is a sweet treat loved by all ages, in the Sweets range. Pack size: 250g.","Bikano","Chocolates & Sweets","","","0","","","inclusive","g","250","","","","","","out-of-stock","Active","10","1","10","250","g","","","","","","","","","","","","","",""
"Haldiram's Motichoor Laddu","Haldiram's Motichoor Laddu is a sweet treat loved by all ages, in the Sweets range. Pack size: 250g.","Haldiram's","Chocolates & Sweets","","","0","","","inclusive","g","250","","","","","","out-of-stock","Active","10","1","10","250","g","","","","","","","","","","","","","",""
"Mother Dairy Rasmalai","Mother Dairy Rasmalai is a sweet treat loved by all ages, in the Sweets range. Pack size: 200g.","Mother Dairy","Chocolates & Sweets","","","0","","","inclusive","g","200","","","","","","out-of-stock","Active","10","1","10","200","g","","","","","","","","","","","","","",""
"Tata Tea Gold","Tata Tea Gold is a comforting daily beverage, in the Tea range. Pack size: 1kg.","Tata Tea","Tea, Coffee & Health Drinks","","","0","","","inclusive","kg","1","","","","","","out-of-stock","Active","10","1","10","1","kg","","","","","","","","","","","","","",""
"Tata Tea Premium","Tata Tea Premium is a comforting daily beverage, in the Tea range. Pack size: 1kg.","Tata Tea","Tea, Coffee & Health Drinks","","","0","","","inclusive","kg","1","","","","","","out-of-stock","Active","10","1","10","1","kg","","","","","","","","","","","","","",""
"Tata Tea Chakra Gold","Tata Tea Chakra Gold is a comforting daily beverage, in the Tea range. Pack size: 1kg.","Tata Tea","Tea, Coffee & Health Drinks","","","0","","","inclusive","kg","1","","","","","","out-of-stock","Active","10","1","10","1","kg","","","","","","","","","","","","","",""
"Red Label Tea","Red Label Tea is a comforting daily beverage, in the Tea range. Pack size: 1kg.","Red Label","Tea, Coffee & Health Drinks","","","0","","","inclusive","kg","1","","","","","","out-of-stock","Active","10","1","10","1","kg","","","","","","","","","","","","","",""
"Society Tea","Society Tea is a comforting daily beverage, in the Tea range. Pack size: 1kg.","Society","Tea, Coffee & Health Drinks","","","0","","","inclusive","kg","1","","","","","","out-of-stock","Active","10","1","10","1","kg","","","","","","","","","","","","","",""
"Wagh Bakri Premium Tea","Wagh Bakri Premium Tea is a comforting daily beverage, in the Tea range. Pack size: 1kg.","Wagh Bakri","Tea, Coffee & Health Drinks","","","0","","","inclusive","kg","1","","","","","","out-of-stock","Active","10","1","10","1","kg","","","","","","","","","","","","","",""
"Lipton Green Tea","Lipton Green Tea is a comforting daily beverage, in the Tea range. Pack size: 25piece.","Lipton","Tea, Coffee & Health Drinks","","","0","","","inclusive","piece","25","","","","","","out-of-stock","Active","10","1","10","25","piece","","","","","","","","","","","","","",""
"Tetley Green Tea Lemon","Tetley Green Tea Lemon is a comforting daily beverage, in the Tea range. Pack size: 25piece.","Tetley","Tea, Coffee & Health Drinks","","","0","","","inclusive","piece","25","","","","","","out-of-stock","Active","10","1","10","25","piece","","","","","","","","","","","","","",""
"Patanjali Green Tea","Patanjali Green Tea is a comforting daily beverage, in the Tea range. Pack size: 25piece.","Patanjali","Tea, Coffee & Health Drinks","","","0","","","inclusive","piece","25","","","","","","out-of-stock","Active","10","1","10","25","piece","","","","","","","","","","","","","",""
"Nescafe Classic Instant Coffee","Nescafe Classic Instant Coffee is a comforting daily beverage, in the Coffee range. Pack size: 200g.","Nescafe","Tea, Coffee & Health Drinks","","","0","","","inclusive","g","200","","","","","","out-of-stock","Active","10","1","10","200","g","","","","","","","","","","","","","",""
"Nescafe Sunrise Premium Coffee","Nescafe Sunrise Premium Coffee is a comforting daily beverage, in the Coffee range. Pack size: 200g.","Nescafe","Tea, Coffee & Health Drinks","","","0","","","inclusive","g","200","","","","","","out-of-stock","Active","10","1","10","200","g","","","","","","","","","","","","","",""
"Nescafe Gold Blend Coffee","Nescafe Gold Blend Coffee is a comforting daily beverage, in the Coffee range. Pack size: 95g.","Nescafe","Tea, Coffee & Health Drinks","","","0","","","inclusive","g","95","","","","","","out-of-stock","Active","10","1","10","95","g","","","","","","","","","","","","","",""
"Bru Instant Coffee","Bru Instant Coffee is a comforting daily beverage, in the Coffee range. Pack size: 200g.","Bru","Tea, Coffee & Health Drinks","","","0","","","inclusive","g","200","","","","","","out-of-stock","Active","10","1","10","200","g","","","","","","","","","","","","","",""
"Davidoff Rich Aroma Coffee","Davidoff Rich Aroma Coffee is a comforting daily beverage, in the Coffee range. Pack size: 100g.","Davidoff","Tea, Coffee & Health Drinks","","","0","","","inclusive","g","100","","","","","","out-of-stock","Active","10","1","10","100","g","","","","","","","","","","","","","",""
"Sleepy Owl Cold Brew Coffee","Sleepy Owl Cold Brew Coffee is a comforting daily beverage, in the Coffee range. Pack size: 200ml.","Sleepy Owl","Tea, Coffee & Health Drinks","","","0","","","inclusive","ml","200","","","","","","out-of-stock","Active","10","1","10","200","ml","","","","","","","","","","","","","",""
"Horlicks Health Drink","Horlicks Health Drink is a comforting daily beverage, in the Health Drink range. Pack size: 500g.","Horlicks","Tea, Coffee & Health Drinks","","","0","","","inclusive","g","500","","","","","","out-of-stock","Active","10","1","10","500","g","","","","","","","","","","","","","",""
"Bournvita Health Drink","Bournvita Health Drink is a comforting daily beverage, in the Health Drink range. Pack size: 500g.","Bournvita","Tea, Coffee & Health Drinks","","","0","","","inclusive","g","500","","","","","","out-of-stock","Active","10","1","10","500","g","","","","","","","","","","","","","",""
"Complan Health Drink","Complan Health Drink is a comforting daily beverage, in the Health Drink range. Pack size: 500g.","Complan","Tea, Coffee & Health Drinks","","","0","","","inclusive","g","500","","","","","","out-of-stock","Active","10","1","10","500","g","","","","","","","","","","","","","",""
"Boost Health Drink","Boost Health Drink is a comforting daily beverage, in the Health Drink range. Pack size: 500g.","Boost","Tea, Coffee & Health Drinks","","","0","","","inclusive","g","500","","","","","","out-of-stock","Active","10","1","10","500","g","","","","","","","","","","","","","",""
"Organic Tattva Turmeric Latte Mix","Organic Tattva Turmeric Latte Mix is a comforting daily beverage, in the Health Drink range. Pack size: 200g.","Organic Tattva","Tea, Coffee & Health Drinks","","","0","","","inclusive","g","200","","","","","","out-of-stock","Active","10","1","10","200","g","","","","","","","","","","","","","",""
"Coca-Cola Soft Drink","Coca-Cola Soft Drink is a refreshing drink for any time of day, in the Soft Drink range. Pack size: 750ml.","Coca-Cola","Cold Drinks, Juices & Water","","","0","","","inclusive","ml","750","","","","","","out-of-stock","Active","10","1","10","750","ml","","","","","","","","","","","","","",""
"Pepsi Soft Drink","Pepsi Soft Drink is a refreshing drink for any time of day, in the Soft Drink range. Pack size: 750ml.","Pepsi","Cold Drinks, Juices & Water","","","0","","","inclusive","ml","750","","","","","","out-of-stock","Active","10","1","10","750","ml","","","","","","","","","","","","","",""
"Sprite Soft Drink","Sprite Soft Drink is a refreshing drink for any time of day, in the Soft Drink range. Pack size: 750ml.","Sprite","Cold Drinks, Juices & Water","","","0","","","inclusive","ml","750","","","","","","out-of-stock","Active","10","1","10","750","ml","","","","","","","","","","","","","",""
"Fanta Orange Soft Drink","Fanta Orange Soft Drink is a refreshing drink for any time of day, in the Soft Drink range. Pack size: 750ml.","Fanta","Cold Drinks, Juices & Water","","","0","","","inclusive","ml","750","","","","","","out-of-stock","Active","10","1","10","750","ml","","","","","","","","","","","","","",""
"Thums Up Soft Drink","Thums Up Soft Drink is a refreshing drink for any time of day, in the Soft Drink range. Pack size: 750ml.","Thums Up","Cold Drinks, Juices & Water","","","0","","","inclusive","ml","750","","","","","","out-of-stock","Active","10","1","10","750","ml","","","","","","","","","","","","","",""
"Limca Soft Drink","Limca Soft Drink is a refreshing drink for any time of day, in the Soft Drink range. Pack size: 750ml.","Limca","Cold Drinks, Juices & Water","","","0","","","inclusive","ml","750","","","","","","out-of-stock","Active","10","1","10","750","ml","","","","","","","","","","","","","",""
"Real Mixed Fruit Juice","Real Mixed Fruit Juice is a refreshing drink for any time of day, in the Juice range. Pack size: 1l.","Real","Cold Drinks, Juices & Water","","","0","","","inclusive","l","1","","","","","","out-of-stock","Active","10","1","10","1","l","","","","","","","","","","","","","",""
"Tropicana Orange Juice","Tropicana Orange Juice is a refreshing drink for any time of day, in the Juice range. Pack size: 1l.","Tropicana","Cold Drinks, Juices & Water","","","0","","","inclusive","l","1","","","","","","out-of-stock","Active","10","1","10","1","l","","","","","","","","","","","","","",""
"Minute Maid Pulpy Orange","Minute Maid Pulpy Orange is a refreshing drink for any time of day, in the Juice range. Pack size: 1l.","Minute Maid","Cold Drinks, Juices & Water","","","0","","","inclusive","l","1","","","","","","out-of-stock","Active","10","1","10","1","l","","","","","","","","","","","","","",""
"Paper Boat Aamras","Paper Boat Aamras is a refreshing drink for any time of day, in the Juice range. Pack size: 200ml.","Paper Boat","Cold Drinks, Juices & Water","","","0","","","inclusive","ml","200","","","","","","out-of-stock","Active","10","1","10","200","ml","","","","","","","","","","","","","",""
"Frooti Mango Drink","Frooti Mango Drink is a refreshing drink for any time of day, in the Juice range. Pack size: 600ml.","Frooti","Cold Drinks, Juices & Water","","","0","","","inclusive","ml","600","","","","","","out-of-stock","Active","10","1","10","600","ml","","","","","","","","","","","","","",""
"Maaza Mango Drink","Maaza Mango Drink is a refreshing drink for any time of day, in the Juice range. Pack size: 600ml.","Maaza","Cold Drinks, Juices & Water","","","0","","","inclusive","ml","600","","","","","","out-of-stock","Active","10","1","10","600","ml","","","","","","","","","","","","","",""
"Appy Fizz Apple Drink","Appy Fizz Apple Drink is a refreshing drink for any time of day, in the Juice range. Pack size: 600ml.","Appy","Cold Drinks, Juices & Water","","","0","","","inclusive","ml","600","","","","","","out-of-stock","Active","10","1","10","600","ml","","","","","","","","","","","","","",""
"Rasna Instant Drink Mix Orange","Rasna Instant Drink Mix Orange is a refreshing drink for any time of day, in the Drink Mix range. Pack size: 500g.","Rasna","Cold Drinks, Juices & Water","","","0","","","inclusive","g","500","","","","","","out-of-stock","Active","10","1","10","500","g","","","","","","","","","","","","","",""
"Bisleri Packaged Drinking Water","Bisleri Packaged Drinking Water is a refreshing drink for any time of day, in the Water range. Pack size: 1l.","Bisleri","Cold Drinks, Juices & Water","","","0","","","inclusive","l","1","","","","","","out-of-stock","Active","10","1","10","1","l","","","","","","","","","","","","","",""
"Kinley Packaged Drinking Water","Kinley Packaged Drinking Water is a refreshing drink for any time of day, in the Water range. Pack size: 1l.","Kinley","Cold Drinks, Juices & Water","","","0","","","inclusive","l","1","","","","","","out-of-stock","Active","10","1","10","1","l","","","","","","","","","","","","","",""
"Bisleri Soda","Bisleri Soda is a refreshing drink for any time of day, in the Soda range. Pack size: 750ml.","Bisleri","Cold Drinks, Juices & Water","","","0","","","inclusive","ml","750","","","","","","out-of-stock","Active","10","1","10","750","ml","","","","","","","","","","","","","",""
"Sting Energy Drink","Sting Energy Drink is a refreshing drink for any time of day, in the Energy Drink range. Pack size: 250ml.","Sting","Cold Drinks, Juices & Water","","","0","","","inclusive","ml","250","","","","","","out-of-stock","Active","10","1","10","250","ml","","","","","","","","","","","","","",""
"Red Bull Energy Drink","Red Bull Energy Drink is a refreshing drink for any time of day, in the Energy Drink range. Pack size: 250ml.","Red Bull","Cold Drinks, Juices & Water","","","0","","","inclusive","ml","250","","","","","","out-of-stock","Active","10","1","10","250","ml","","","","","","","","","","","","","",""
"Gatorade Sports Drink","Gatorade Sports Drink is a refreshing drink for any time of day, in the Sports Drink range. Pack size: 500ml.","Gatorade","Cold Drinks, Juices & Water","","","0","","","inclusive","ml","500","","","","","","out-of-stock","Active","10","1","10","500","ml","","","","","","","","","","","","","",""
"Amul Vanilla Ice Cream Tub","Amul Vanilla Ice Cream Tub is a convenient frozen favourite, in the Ice Cream range. Pack size: 1l.","Amul","Frozen Food & Ice Cream","","","0","","","inclusive","l","1","","","","","","out-of-stock","Active","10","1","10","1","l","","","","","","","","","","","","","",""
"Amul Butterscotch Ice Cream Tub","Amul Butterscotch Ice Cream Tub is a convenient frozen favourite, in the Ice Cream range. Pack size: 1l.","Amul","Frozen Food & Ice Cream","","","0","","","inclusive","l","1","","","","","","out-of-stock","Active","10","1","10","1","l","","","","","","","","","","","","","",""
"Mother Dairy Kesar Pista Ice Cream","Mother Dairy Kesar Pista Ice Cream is a convenient frozen favourite, in the Ice Cream range. Pack size: 700ml.","Mother Dairy","Frozen Food & Ice Cream","","","0","","","inclusive","ml","700","","","","","","out-of-stock","Active","10","1","10","700","ml","","","","","","","","","","","","","",""
"Kwality Walls Cornetto Choc Vanilla","Kwality Walls Cornetto Choc Vanilla is a convenient frozen favourite, in the Ice Cream range. Pack size: 1piece.","Kwality Walls","Frozen Food & Ice Cream","","","0","","","inclusive","piece","1","","","","","","out-of-stock","Active","10","1","10","1","piece","","","","","","","","","","","","","",""
"Kwality Walls Feast Choco Bar","Kwality Walls Feast Choco Bar is a convenient frozen favourite, in the Ice Cream range. Pack size: 1piece.","Kwality Walls","Frozen Food & Ice Cream","","","0","","","inclusive","piece","1","","","","","","out-of-stock","Active","10","1","10","1","piece","","","","","","","","","","","","","",""
"Baskin Robbins Ice Cream Tub","Baskin Robbins Ice Cream Tub is a convenient frozen favourite, in the Ice Cream range. Pack size: 500ml.","Baskin Robbins","Frozen Food & Ice Cream","","","0","","","inclusive","ml","500","","","","","","out-of-stock","Active","10","1","10","500","ml","","","","","","","","","","","","","",""
"McCain French Fries","McCain French Fries is a convenient frozen favourite, in the Frozen Snacks range. Pack size: 420g.","McCain","Frozen Food & Ice Cream","","","0","","","inclusive","g","420","","","","","","out-of-stock","Active","10","1","10","420","g","","","","","","","","","","","","","",""
"McCain Smiles Potato Snacks","McCain Smiles Potato Snacks is a convenient frozen favourite, in the Frozen Snacks range. Pack size: 425g.","McCain","Frozen Food & Ice Cream","","","0","","","inclusive","g","425","","","","","","out-of-stock","Active","10","1","10","425","g","","","","","","","","","","","","","",""
"McCain Aloo Tikki","McCain Aloo Tikki is a convenient frozen favourite, in the Frozen Snacks range. Pack size: 400g.","McCain","Frozen Food & Ice Cream","","","0","","","inclusive","g","400","","","","","","out-of-stock","Active","10","1","10","400","g","","","","","","","","","","","","","",""
"ITC Master Chef Veg Nuggets","ITC Master Chef Veg Nuggets is a convenient frozen favourite, in the Frozen Snacks range. Pack size: 425g.","ITC Master Chef","Frozen Food & Ice Cream","","","0","","","inclusive","g","425","","","","","","out-of-stock","Active","10","1","10","425","g","","","","","","","","","","","","","",""
"Godrej Yummiez Chicken Nuggets","Godrej Yummiez Chicken Nuggets is a convenient frozen favourite, in the Frozen Snacks range. Pack size: 425g.","Godrej Yummiez","Frozen Food & Ice Cream","","","0","","","inclusive","g","425","","","","","","out-of-stock","Active","10","1","10","425","g","","","","","","","","","","","","","",""
"Godrej Yummiez Veg Spring Roll","Godrej Yummiez Veg Spring Roll is a convenient frozen favourite, in the Frozen Snacks range. Pack size: 400g.","Godrej Yummiez","Frozen Food & Ice Cream","","","0","","","inclusive","g","400","","","","","","out-of-stock","Active","10","1","10","400","g","","","","","","","","","","","","","",""
"Sumeru Frozen Mixed Vegetables","Sumeru Frozen Mixed Vegetables is a convenient frozen favourite, in the Frozen Vegetables range. Pack size: 500g.","Sumeru","Frozen Food & Ice Cream","","","0","","","inclusive","g","500","","","","","","out-of-stock","Active","10","1","10","500","g","","","","","","","","","","","","","",""
"Sumeru Frozen Sweet Corn","Sumeru Frozen Sweet Corn is a convenient frozen favourite, in the Frozen Vegetables range. Pack size: 500g.","Sumeru","Frozen Food & Ice Cream","","","0","","","inclusive","g","500","","","","","","out-of-stock","Active","10","1","10","500","g","","","","","","","","","","","","","",""
"Safal Frozen Green Peas","Safal Frozen Green Peas is a convenient frozen favourite, in the Frozen Vegetables range. Pack size: 500g.","Safal","Frozen Food & Ice Cream","","","0","","","inclusive","g","500","","","","","","out-of-stock","Active","10","1","10","500","g","","","","","","","","","","","","","",""
"Amul Frozen Green Peas","Amul Frozen Green Peas is a convenient frozen favourite, in the Frozen Vegetables range. Pack size: 500g.","Amul","Frozen Food & Ice Cream","","","0","","","inclusive","g","500","","","","","","out-of-stock","Active","10","1","10","500","g","","","","","","","","","","","","","",""
"Amul Frozen Malabar Paratha","Amul Frozen Malabar Paratha is a convenient frozen favourite, in the Frozen Bread range. Pack size: 320g.","Amul","Frozen Food & Ice Cream","","","0","","","inclusive","g","320","","","","","","out-of-stock","Active","10","1","10","320","g","","","","","","","","","","","","","",""
"ID Fresh Frozen Parotta","ID Fresh Frozen Parotta is a convenient frozen favourite, in the Frozen Bread range. Pack size: 400g.","ID Fresh","Frozen Food & Ice Cream","","","0","","","inclusive","g","400","","","","","","out-of-stock","Active","10","1","10","400","g","","","","","","","","","","","","","",""
"ID Fresh Idli Dosa Batter","ID Fresh Idli Dosa Batter is a convenient frozen favourite, in the Batter range. Pack size: 1kg.","ID Fresh","Frozen Food & Ice Cream","","","0","","","inclusive","kg","1","","","","","","out-of-stock","Active","10","1","10","1","kg","","","","","","","","","","","","","",""
"Vadilal Frozen Gulab Jamun","Vadilal Frozen Gulab Jamun is a convenient frozen favourite, in the Frozen Sweets range. Pack size: 500g.","Vadilal","Frozen Food & Ice Cream","","","0","","","inclusive","g","500","","","","","","out-of-stock","Active","10","1","10","500","g","","","","","","","","","","","","","",""